vendor,blocked_cases,unblocked_cases,median_diff_days
vendorID_0003,49.0,195.0,18.0
vendorID_0056,70.0,43.0,-21.0
vendorID_0092,37.0,183.0,3.0
vendorID_0096,444.0,234.0,8.0
vendorID_0103,398.0,3434.0,-1.0
vendorID_0104,3492.0,3640.0,6.0
vendorID_0105,86.0,1145.0,8.0
vendorID_0106,1447.0,3930.0,-26.0
vendorID_0108,1098.0,2437.0,1.0
vendorID_0110,819.0,2192.0,8.0
vendorID_0111,360.0,690.0,7.0
vendorID_0112,130.0,82.0,0.0
vendorID_0113,44.0,122.0,1.5
vendorID_0114,792.0,833.0,0.0
vendorID_0115,143.0,771.0,0.0
vendorID_0117,80.0,150.0,-3.0
vendorID_0118,1033.0,2258.0,9.0
vendorID_0120,2343.0,8078.0,-6.0
vendorID_0121,41.0,40.0,-1.5
vendorID_0122,325.0,1404.0,-1.0
vendorID_0123,50.0,755.0,7.0
vendorID_0124,197.0,535.0,-1.0
vendorID_0125,709.0,1672.0,2.0
vendorID_0127,626.0,2934.0,54.0
vendorID_0129,82.0,460.0,1.0
vendorID_0130,31.0,73.0,7.0
vendorID_0133,41.0,492.0,-10.0
vendorID_0136,5681.0,4862.0,0.0
vendorID_0138,143.0,773.0,-7.0
vendorID_0139,81.0,258.0,13.0
vendorID_0141,85.0,177.0,-1.0
vendorID_0142,93.0,63.0,-1.0
vendorID_0143,169.0,60.0,-6.0
vendorID_0144,105.0,134.0,5.0
vendorID_0145,84.0,643.0,-2.0
vendorID_0147,174.0,778.0,1.5
vendorID_0148,113.0,37.0,0.0
vendorID_0150,339.0,2496.0,4.0
vendorID_0151,162.0,828.0,1.0
vendorID_0153,46.0,57.0,1.5
vendorID_0156,95.0,202.0,0.0
vendorID_0159,180.0,418.0,6.0
vendorID_0160,30.0,121.0,8.5
vendorID_0162,95.0,751.0,2.0
vendorID_0166,419.0,442.0,-1.0
vendorID_0167,374.0,576.0,1.0
vendorID_0170,43.0,61.0,-6.0
vendorID_0171,338.0,1172.0,-1.0
vendorID_0172,610.0,576.0,1.0
vendorID_0175,230.0,546.0,3.5
vendorID_0176,54.0,470.0,8.0
vendorID_0178,464.0,330.0,3.0
vendorID_0179,61.0,787.0,-7.0
vendorID_0181,121.0,285.0,3.0
vendorID_0182,1068.0,3774.0,0.0
vendorID_0183,89.0,143.0,0.0
vendorID_0184,302.0,259.0,-3.0
vendorID_0192,232.0,440.0,1.0
vendorID_0193,92.0,79.0,1.0
vendorID_0195,84.0,296.0,3.0
vendorID_0196,124.0,1571.0,-4.5
vendorID_0197,358.0,959.0,9.0
vendorID_0198,73.0,156.0,-1.0
vendorID_0199,47.0,77.0,69.0
vendorID_0200,69.0,354.0,-1.0
vendorID_0202,129.0,140.0,9.0
vendorID_0205,69.0,69.0,1.0
vendorID_0216,30.0,44.0,-12.5
vendorID_0217,70.0,243.0,1.0
vendorID_0221,155.0,58.0,5.5
vendorID_0224,59.0,104.0,3.5
vendorID_0225,41.0,41.0,-4.0
vendorID_0228,78.0,50.0,1.5
vendorID_0236,449.0,1630.0,21.0
vendorID_0237,875.0,1028.0,0.0
vendorID_0238,122.0,678.0,8.0
vendorID_0239,186.0,758.0,2.0
vendorID_0242,46.0,590.0,55.0
vendorID_0243,108.0,112.0,2.0
vendorID_0244,39.0,33.0,0.0
vendorID_0245,166.0,916.0,1.0
vendorID_0246,302.0,2376.0,7.0
vendorID_0251,106.0,191.0,-1.0
vendorID_0258,103.0,57.0,12.0
vendorID_0259,87.0,86.0,1.5
vendorID_0263,169.0,601.0,6.0
vendorID_0264,464.0,1107.0,4.0
vendorID_0268,245.0,542.0,8.0
vendorID_0269,128.0,495.0,79.5
vendorID_0271,30.0,68.0,6.0
vendorID_0274,223.0,401.0,3.0
vendorID_0277,462.0,510.0,-1.0
vendorID_0278,650.0,287.0,1.0
vendorID_0281,55.0,70.0,-1.0
vendorID_0284,41.0,222.0,2.0
vendorID_0287,347.0,731.0,5.0
vendorID_0288,31.0,93.0,13.0
vendorID_0299,56.0,636.0,1.0
vendorID_0300,59.0,152.0,-4.0
vendorID_0311,85.0,38.0,1.5
vendorID_0314,57.0,37.0,7.0
vendorID_0316,54.0,555.0,2.0
vendorID_0349,34.0,116.0,-3.5
vendorID_0351,49.0,73.0,-13.0
vendorID_0369,380.0,578.0,2.0
vendorID_0372,402.0,2108.0,0.0
vendorID_0375,343.0,739.0,-2.0
vendorID_0376,42.0,427.0,1.0
vendorID_0378,384.0,998.0,-3.0
vendorID_0381,61.0,309.0,-4.0
vendorID_0382,257.0,1040.0,7.0
vendorID_0385,151.0,86.0,-33.0
vendorID_0387,38.0,306.0,2.0
vendorID_0389,49.0,325.0,6.0
vendorID_0391,63.0,120.0,4.0
vendorID_0393,33.0,224.0,0.0
vendorID_0394,52.0,124.0,-1.0
vendorID_0404,872.0,876.0,0.5
vendorID_0408,100.0,90.0,-6.0
vendorID_0409,138.0,53.0,-0.5
vendorID_0417,38.0,60.0,0.5
vendorID_0419,187.0,152.0,3.0
vendorID_0421,33.0,123.0,2.0
vendorID_0422,32.0,200.0,2.5
vendorID_0436,63.0,283.0,10.0
vendorID_0437,450.0,241.0,6.0
vendorID_0438,30.0,52.0,-3.5
vendorID_0468,361.0,68.0,-12.0
vendorID_0476,49.0,193.0,-9.0
vendorID_0477,32.0,172.0,0.0
vendorID_0479,71.0,66.0,3.0
vendorID_0481,61.0,385.0,13.0
vendorID_0488,91.0,85.0,12.0
vendorID_0496,30.0,115.0,0.0
vendorID_0498,101.0,164.0,3.0
vendorID_0502,157.0,187.0,11.0
vendorID_0522,37.0,265.0,1.0
vendorID_0524,829.0,347.0,1.0
vendorID_0525,91.0,62.0,-3.0
vendorID_0527,248.0,227.0,0.0
vendorID_0550,128.0,1029.0,29.0
vendorID_0554,59.0,78.0,14.0
vendorID_0555,48.0,645.0,9.0
vendorID_0558,41.0,37.0,14.0
vendorID_0559,188.0,210.0,3.0
vendorID_0563,61.0,135.0,-5.0
vendorID_0565,40.0,73.0,-4.0
vendorID_0569,49.0,70.0,1.0
vendorID_0570,72.0,60.0,-1.0
vendorID_0581,30.0,61.0,37.0
vendorID_0584,34.0,308.0,0.5
vendorID_0612,54.0,41.0,-2.5
vendorID_0623,42.0,75.0,2.0
vendorID_0627,121.0,36.0,0.0
vendorID_0646,30.0,36.0,7.5
vendorID_0657,118.0,207.0,-1.5
vendorID_0660,50.0,93.0,3.0
vendorID_0664,39.0,328.0,-8.0
vendorID_0666,53.0,92.0,0.0
vendorID_0671,33.0,179.0,8.0
vendorID_0694,38.0,65.0,0.0
vendorID_0703,57.0,34.0,-6.0
vendorID_0755,209.0,317.0,5.0
vendorID_0761,39.0,125.0,0.0
vendorID_0807,36.0,91.0,1.0
vendorID_0822,35.0,52.0,4.5
vendorID_0842,37.0,32.0,-2.0
vendorID_0937,30.0,139.0,12.0
vendorID_0998,50.0,160.0,14.0
vendorID_1086,32.0,46.0,-1.5
vendorID_1101,70.0,74.0,42.0
vendorID_1167,30.0,85.0,-3.0
vendorID_1317,123.0,233.0,7.0
vendorID_1466,38.0,72.0,57.0
